Originator,department,level,location,gender,tenure,Influencers,hipo,inhours,outhours,wd0,wd1,wd2,wd3,wd4,wd5,wd6,wd7,wd8,wd9,wd10,wd11,wd12,wd13,wd14,wd15,wd16,wd17,wd18,wd19,wd20,wd21,wd22,wd23,nwd0,nwd1,nwd2,nwd3,nwd4,nwd5,nwd6,nwd7,nwd8,nwd9,nwd10,nwd11,nwd12,nwd13,nwd14,nwd15,nwd16,nwd17,nwd18,nwd19,nwd20,nwd21,nwd22,nwd23
269,OC,2,G,female,7,Y,no,1234,6,0,0,0,0,0,0,0,0,0,0,0,0,270,964,0,0,0,0,0,0,0,0,0,0,0,0,0,0,0,0,0,0,0,0,0,0,0,6,0,0,0,0,0,0,0,0,0,0
167,TL,4,B,female,1,N,no,929,0,0,0,0,0,0,0,0,0,0,0,0,0,452,477,0,0,0,0,0,0,0,0,0,0,0,0,0,0,0,0,0,0,0,0,0,0,0,0,0,0,0,0,0,0,0,0,0,0
79,OC,1,G,male,7,N,no,273,10,0,0,0,0,0,0,0,0,0,0,0,0,167,106,0,0,0,0,0,0,0,0,0,0,0,0,0,0,0,0,0,0,0,0,0,0,0,10,0,0,0,0,0,0,0,0,0,0
31,TL,3,B,female,1,N,no,781,0,0,0,0,0,0,0,0,0,0,0,0,0,204,577,0,0,0,0,0,0,0,0,0,0,0,0,0,0,0,0,0,0,0,0,0,0,0,0,0,0,0,0,0,0,0,0,0,0
94,TL,3,P,female,2,Y,yes,1404,10,0,0,0,0,0,0,0,0,0,0,0,0,332,1072,0,0,0,0,0,0,0,0,0,0,0,0,0,0,0,0,0,0,0,0,0,0,4,6,0,0,0,0,0,0,0,0,0,0
216,TL,1,P,male,15,N,no,2100,36,0,0,0,0,0,0,0,0,0,0,0,0,332,1768,0,0,0,0,0,0,0,0,0,0,0,0,0,0,0,0,0,0,0,0,0,0,4,32,0,0,0,0,0,0,0,0,0,0
176,TL,4,G,male,2,N,no,914,0,0,0,0,0,0,0,0,0,0,0,0,0,234,680,0,0,0,0,0,0,0,0,0,0,0,0,0,0,0,0,0,0,0,0,0,0,0,0,0,0,0,0,0,0,0,0,0,0
194,TL,3,G,male,7,N,no,1047,4,0,0,0,0,0,0,0,0,0,0,0,0,184,863,0,0,0,0,0,0,0,0,0,0,0,0,0,0,0,0,0,0,0,0,0,0,4,0,0,0,0,0,0,0,0,0,0,0
148,TL,4,G,female,2,N,no,874,0,0,0,0,0,0,0,0,0,0,0,0,0,310,564,0,0,0,0,0,0,0,0,0,0,0,0,0,0,0,0,0,0,0,0,0,0,0,0,0,0,0,0,0,0,0,0,0,0
267,TL,4,G,female,1,N,no,374,0,0,0,0,0,0,0,0,0,0,0,0,0,46,328,0,0,0,0,0,0,0,0,0,0,0,0,0,0,0,0,0,0,0,0,0,0,0,0,0,0,0,0,0,0,0,0,0,0
104,TL,2,G,male,7,N,no,1923,24,0,0,0,0,0,0,0,0,0,0,0,0,602,1321,0,0,0,0,0,0,0,0,0,0,0,0,0,0,0,0,0,0,0,0,0,0,0,24,0,0,0,0,0,0,0,0,0,0
49,TL,4,P,female,2,N,no,1098,0,0,0,0,0,0,0,0,0,0,0,0,0,342,756,0,0,0,0,0,0,0,0,0,0,0,0,0,0,0,0,0,0,0,0,0,0,0,0,0,0,0,0,0,0,0,0,0,0
122,TL,1,G,female,4,Y,yes,10621,432,0,0,0,0,0,0,0,0,0,0,0,0,4454,6167,0,0,0,0,0,0,0,0,0,0,0,0,0,0,0,0,0,0,0,0,0,0,34,398,0,0,0,0,0,0,0,0,0,0
30,TL,4,G,male,1,N,no,373,0,0,0,0,0,0,0,0,0,0,0,0,0,139,234,0,0,0,0,0,0,0,0,0,0,0,0,0,0,0,0,0,0,0,0,0,0,0,0,0,0,0,0,0,0,0,0,0,0
260,OC,3,M,female,2,N,yes,535,32,0,0,0,0,0,0,0,0,0,0,0,0,74,461,0,0,0,0,0,0,0,0,0,0,0,0,0,0,0,0,0,0,0,0,0,0,2,30,0,0,0,0,0,0,0,0,0,0
131,TL,3,G,female,7,Y,no,32215,0,0,0,0,0,0,0,0,0,0,0,0,0,5970,26245,0,0,0,0,0,0,0,0,0,0,0,0,0,0,0,0,0,0,0,0,0,0,0,0,0,0,0,0,0,0,0,0,0,0
54,OC,2,G,male,15,Y,no,9531,554,0,0,0,0,0,0,0,0,0,0,0,0,5572,3959,0,0,0,0,0,0,0,0,0,0,0,0,0,0,0,0,0,0,0,0,0,0,304,250,0,0,0,0,0,0,0,0,0,0
95,TL,1,G,female,7,N,yes,9560,8,0,0,0,0,0,0,0,0,0,0,0,0,4103,5457,0,0,0,0,0,0,0,0,0,0,0,0,0,0,0,0,0,0,0,0,0,0,6,2,0,0,0,0,0,0,0,0,0,0
117,TL,4,G,female,2,N,no,19,0,0,0,0,0,0,0,0,0,0,0,0,0,8,11,0,0,0,0,0,0,0,0,0,0,0,0,0,0,0,0,0,0,0,0,0,0,0,0,0,0,0,0,0,0,0,0,0,0
154,TL,3,M,female,2,Y,yes,2788,7,0,0,0,0,0,0,0,0,0,0,0,0,298,2490,0,0,0,0,0,0,0,0,0,0,0,0,0,0,0,0,0,0,0,0,0,0,7,0,0,0,0,0,0,0,0,0,0,0
125,TL,3,M,female,7,Y,no,3808,116,0,0,0,0,0,0,0,0,0,0,0,0,2455,1353,0,0,0,0,0,0,0,0,0,0,0,0,0,0,0,0,0,0,0,0,0,0,96,20,0,0,0,0,0,0,0,0,0,0
246,TL,4,G,female,2,N,no,8,0,0,0,0,0,0,0,0,0,0,0,0,0,2,6,0,0,0,0,0,0,0,0,0,0,0,0,0,0,0,0,0,0,0,0,0,0,0,0,0,0,0,0,0,0,0,0,0,0
256,TL,3,P,female,1,N,no,137,0,0,0,0,0,0,0,0,0,0,0,0,0,4,133,0,0,0,0,0,0,0,0,0,0,0,0,0,0,0,0,0,0,0,0,0,0,0,0,0,0,0,0,0,0,0,0,0,0
200,TL,4,G,female,1,N,no,658,14,0,0,0,0,0,0,0,0,0,0,0,0,98,560,0,0,0,0,0,0,0,0,0,0,0,0,0,0,0,0,0,0,0,0,0,0,12,2,0,0,0,0,0,0,0,0,0,0
1,OC,4,M,male,2,N,no,1940,2,0,0,0,0,0,0,0,0,0,0,0,0,1267,673,0,0,0,0,0,0,0,0,0,0,0,0,0,0,0,0,0,0,0,0,0,0,2,0,0,0,0,0,0,0,0,0,0,0
235,TL,4,G,female,2,N,no,259,0,0,0,0,0,0,0,0,0,0,0,0,0,36,223,0,0,0,0,0,0,0,0,0,0,0,0,0,0,0,0,0,0,0,0,0,0,0,0,0,0,0,0,0,0,0,0,0,0
226,TL,3,G,female,7,N,no,253,0,0,0,0,0,0,0,0,0,0,0,0,0,149,104,0,0,0,0,0,0,0,0,0,0,0,0,0,0,0,0,0,0,0,0,0,0,0,0,0,0,0,0,0,0,0,0,0,0
75,OC,4,G,female,2,N,no,2931,2,0,0,0,0,0,0,0,0,0,0,0,0,2217,714,0,0,0,0,0,0,0,0,0,0,0,0,0,0,0,0,0,0,0,0,0,0,0,2,0,0,0,0,0,0,0,0,0,0
214,TL,4,B,male,1,N,no,720,0,0,0,0,0,0,0,0,0,0,0,0,0,90,630,0,0,0,0,0,0,0,0,0,0,0,0,0,0,0,0,0,0,0,0,0,0,0,0,0,0,0,0,0,0,0,0,0,0
270,TL,4,P,female,1,N,no,187,4,0,0,0,0,0,0,0,0,0,0,0,0,54,133,0,0,0,0,0,0,0,0,0,0,0,0,0,0,0,0,0,0,0,0,0,0,4,0,0,0,0,0,0,0,0,0,0,0
224,TL,4,G,male,15,N,no,1310,0,0,0,0,0,0,0,0,0,0,0,0,0,198,1112,0,0,0,0,0,0,0,0,0,0,0,0,0,0,0,0,0,0,0,0,0,0,0,0,0,0,0,0,0,0,0,0,0,0
177,TL,4,B,male,2,N,no,1660,0,0,0,0,0,0,0,0,0,0,0,0,0,1390,270,0,0,0,0,0,0,0,0,0,0,0,0,0,0,0,0,0,0,0,0,0,0,0,0,0,0,0,0,0,0,0,0,0,0
65,OC,3,G,female,2,Y,no,1411,81,0,0,0,0,0,0,0,0,0,0,0,0,163,1248,0,0,0,0,0,0,0,0,0,0,0,0,0,0,0,0,0,0,0,0,0,0,6,75,0,0,0,0,0,0,0,0,0,0
144,TL,4,B,female,2,N,no,1330,0,0,0,0,0,0,0,0,0,0,0,0,0,296,1034,0,0,0,0,0,0,0,0,0,0,0,0,0,0,0,0,0,0,0,0,0,0,0,0,0,0,0,0,0,0,0,0,0,0
85,TL,3,G,female,15,N,no,5555,32,0,0,0,0,0,0,0,0,0,0,0,0,2530,3025,0,0,0,0,0,0,0,0,0,0,0,0,0,0,0,0,0,0,0,0,0,0,32,0,0,0,0,0,0,0,0,0,0,0
204,TL,1,B,female,7,N,yes,12510,18,0,0,0,0,0,0,0,0,0,0,0,0,906,11604,0,0,0,0,0,0,0,0,0,0,0,0,0,0,0,0,0,0,0,0,0,0,0,18,0,0,0,0,0,0,0,0,0,0
120,TL,4,B,male,2,N,no,535,2,0,0,0,0,0,0,0,0,0,0,0,0,134,401,0,0,0,0,0,0,0,0,0,0,0,0,0,0,0,0,0,0,0,0,0,0,0,2,0,0,0,0,0,0,0,0,0,0
272,HR,3,B,female,4,Y,yes,924,0,0,0,0,0,0,0,0,0,0,0,0,0,804,120,0,0,0,0,0,0,0,0,0,0,0,0,0,0,0,0,0,0,0,0,0,0,0,0,0,0,0,0,0,0,0,0,0,0
172,TL,3,G,female,7,N,no,4288,0,0,0,0,0,0,0,0,0,0,0,0,0,886,3402,0,0,0,0,0,0,0,0,0,0,0,0,0,0,0,0,0,0,0,0,0,0,0,0,0,0,0,0,0,0,0,0,0,0
25,TL,3,M,female,7,Y,no,13271,32,0,0,0,0,0,0,0,0,0,0,0,0,2181,11090,0,0,0,0,0,0,0,0,0,0,0,0,0,0,0,0,0,0,0,0,0,0,32,0,0,0,0,0,0,0,0,0,0,0
210,HR,3,B,female,2,N,no,381,17,0,0,0,0,0,0,0,0,0,0,0,0,93,288,0,0,0,0,0,0,0,0,0,0,0,0,0,0,0,0,0,0,0,0,0,0,6,11,0,0,0,0,0,0,0,0,0,0
192,TL,3,G,female,4,N,no,507,0,0,0,0,0,0,0,0,0,0,0,0,0,167,340,0,0,0,0,0,0,0,0,0,0,0,0,0,0,0,0,0,0,0,0,0,0,0,0,0,0,0,0,0,0,0,0,0,0
202,TL,4,G,female,2,N,no,78,0,0,0,0,0,0,0,0,0,0,0,0,0,6,72,0,0,0,0,0,0,0,0,0,0,0,0,0,0,0,0,0,0,0,0,0,0,0,0,0,0,0,0,0,0,0,0,0,0
47,TL,2,G,male,7,N,no,7563,2,0,0,0,0,0,0,0,0,0,0,0,0,3808,3755,0,0,0,0,0,0,0,0,0,0,0,0,0,0,0,0,0,0,0,0,0,0,0,2,0,0,0,0,0,0,0,0,0,0
278,HR,2,G,male,7,Y,no,933,0,0,0,0,0,0,0,0,0,0,0,0,0,110,823,0,0,0,0,0,0,0,0,0,0,0,0,0,0,0,0,0,0,0,0,0,0,0,0,0,0,0,0,0,0,0,0,0,0
165,TL,2,G,female,4,N,no,1430,12,0,0,0,0,0,0,0,0,0,0,0,0,1277,153,0,0,0,0,0,0,0,0,0,0,0,0,0,0,0,0,0,0,0,0,0,0,10,2,0,0,0,0,0,0,0,0,0,0
162,TL,4,M,female,2,N,no,106,0,0,0,0,0,0,0,0,0,0,0,0,0,37,69,0,0,0,0,0,0,0,0,0,0,0,0,0,0,0,0,0,0,0,0,0,0,0,0,0,0,0,0,0,0,0,0,0,0
132,OA,2,M,female,7,N,yes,3670,30,0,0,0,0,0,0,0,0,0,0,0,0,799,2871,0,0,0,0,0,0,0,0,0,0,0,0,0,0,0,0,0,0,0,0,0,0,2,28,0,0,0,0,0,0,0,0,0,0
230,TL,3,G,female,2,N,no,8583,8,0,0,0,0,0,0,0,0,0,0,0,0,5442,3141,0,0,0,0,0,0,0,0,0,0,0,0,0,0,0,0,0,0,0,0,0,0,8,0,0,0,0,0,0,0,0,0,0,0
229,TL,4,G,female,2,N,no,757,0,0,0,0,0,0,0,0,0,0,0,0,0,84,673,0,0,0,0,0,0,0,0,0,0,0,0,0,0,0,0,0,0,0,0,0,0,0,0,0,0,0,0,0,0,0,0,0,0
137,TL,4,B,female,1,Y,yes,271,4,0,0,0,0,0,0,0,0,0,0,0,0,30,241,0,0,0,0,0,0,0,0,0,0,0,0,0,0,0,0,0,0,0,0,0,0,0,4,0,0,0,0,0,0,0,0,0,0
258,TL,3,G,female,7,N,no,30,0,0,0,0,0,0,0,0,0,0,0,0,0,4,26,0,0,0,0,0,0,0,0,0,0,0,0,0,0,0,0,0,0,0,0,0,0,0,0,0,0,0,0,0,0,0,0,0,0
255,TL,2,M,female,7,N,no,204,0,0,0,0,0,0,0,0,0,0,0,0,0,20,184,0,0,0,0,0,0,0,0,0,0,0,0,0,0,0,0,0,0,0,0,0,0,0,0,0,0,0,0,0,0,0,0,0,0
133,TL,4,M,female,1,N,no,1127,54,0,0,0,0,0,0,0,0,0,0,0,0,624,503,0,0,0,0,0,0,0,0,0,0,0,0,0,0,0,0,0,0,0,0,0,0,54,0,0,0,0,0,0,0,0,0,0,0
249,TL,2,G,male,7,N,no,24,0,0,0,0,0,0,0,0,0,0,0,0,0,22,2,0,0,0,0,0,0,0,0,0,0,0,0,0,0,0,0,0,0,0,0,0,0,0,0,0,0,0,0,0,0,0,0,0,0
252,TL,1,G,female,15,Y,yes,0,0,0,0,0,0,0,0,0,0,0,0,0,0,0,0,0,0,0,0,0,0,0,0,0,0,0,0,0,0,0,0,0,0,0,0,0,0,0,0,0,0,0,0,0,0,0,0,0,0
188,TL,3,G,male,4,N,no,1887,2,0,0,0,0,0,0,0,0,0,0,0,0,1489,398,0,0,0,0,0,0,0,0,0,0,0,0,0,0,0,0,0,0,0,0,0,0,2,0,0,0,0,0,0,0,0,0,0,0
248,HR,2,G,female,7,Y,yes,32,0,0,0,0,0,0,0,0,0,0,0,0,0,10,22,0,0,0,0,0,0,0,0,0,0,0,0,0,0,0,0,0,0,0,0,0,0,0,0,0,0,0,0,0,0,0,0,0,0
147,TL,4,G,female,7,N,no,61,0,0,0,0,0,0,0,0,0,0,0,0,0,8,53,0,0,0,0,0,0,0,0,0,0,0,0,0,0,0,0,0,0,0,0,0,0,0,0,0,0,0,0,0,0,0,0,0,0
243,TL,4,B,male,4,N,no,3843,22,0,0,0,0,0,0,0,0,0,0,0,0,2146,1697,0,0,0,0,0,0,0,0,0,0,0,0,0,0,0,0,0,0,0,0,0,0,22,0,0,0,0,0,0,0,0,0,0,0
35,TL,3,B,female,7,N,no,2452,32,0,0,0,0,0,0,0,0,0,0,0,0,570,1882,0,0,0,0,0,0,0,0,0,0,0,0,0,0,0,0,0,0,0,0,0,0,14,18,0,0,0,0,0,0,0,0,0,0
232,OC,2,B,male,2,N,no,9696,8,0,0,0,0,0,0,0,0,0,0,0,0,4595,5101,0,0,0,0,0,0,0,0,0,0,0,0,0,0,0,0,0,0,0,0,0,0,0,8,0,0,0,0,0,0,0,0,0,0
198,TL,4,M,male,2,N,no,407,4,0,0,0,0,0,0,0,0,0,0,0,0,204,203,0,0,0,0,0,0,0,0,0,0,0,0,0,0,0,0,0,0,0,0,0,0,4,0,0,0,0,0,0,0,0,0,0,0
96,TL,4,B,male,4,Y,yes,84,0,0,0,0,0,0,0,0,0,0,0,0,0,35,49,0,0,0,0,0,0,0,0,0,0,0,0,0,0,0,0,0,0,0,0,0,0,0,0,0,0,0,0,0,0,0,0,0,0
259,TL,3,B,female,7,N,no,345,0,0,0,0,0,0,0,0,0,0,0,0,0,78,267,0,0,0,0,0,0,0,0,0,0,0,0,0,0,0,0,0,0,0,0,0,0,0,0,0,0,0,0,0,0,0,0,0,0
41,TL,4,M,female,2,Y,no,985,5,0,0,0,0,0,0,0,0,0,0,0,0,434,551,0,0,0,0,0,0,0,0,0,0,0,0,0,0,0,0,0,0,0,0,0,0,0,5,0,0,0,0,0,0,0,0,0,0
44,OC,3,B,male,4,N,no,2382,2,0,0,0,0,0,0,0,0,0,0,0,0,2011,371,0,0,0,0,0,0,0,0,0,0,0,0,0,0,0,0,0,0,0,0,0,0,0,2,0,0,0,0,0,0,0,0,0,0
179,OC,3,G,male,4,N,no,4096,2,0,0,0,0,0,0,0,0,0,0,0,0,3924,172,0,0,0,0,0,0,0,0,0,0,0,0,0,0,0,0,0,0,0,0,0,0,0,2,0,0,0,0,0,0,0,0,0,0
42,TL,2,G,female,7,N,no,8331,94,0,0,0,0,0,0,0,0,0,0,0,0,4105,4226,0,0,0,0,0,0,0,0,0,0,0,0,0,0,0,0,0,0,0,0,0,0,4,90,0,0,0,0,0,0,0,0,0,0
134,TL,3,G,male,7,N,no,13837,737,0,0,0,0,0,0,0,0,0,0,0,0,7982,5855,0,0,0,0,0,0,0,0,0,0,0,0,0,0,0,0,0,0,0,0,0,0,0,737,0,0,0,0,0,0,0,0,0,0
66,TL,2,G,male,15,N,no,7140,29,0,0,0,0,0,0,0,0,0,0,0,0,3071,4069,0,0,0,0,0,0,0,0,0,0,0,0,0,0,0,0,0,0,0,0,0,0,12,17,0,0,0,0,0,0,0,0,0,0
240,TL,3,M,female,7,N,no,827,6,0,0,0,0,0,0,0,0,0,0,0,0,146,681,0,0,0,0,0,0,0,0,0,0,0,0,0,0,0,0,0,0,0,0,0,0,0,6,0,0,0,0,0,0,0,0,0,0
215,TL,3,M,female,7,N,no,160,1,0,0,0,0,0,0,0,0,0,0,0,0,18,142,0,0,0,0,0,0,0,0,0,0,0,0,0,0,0,0,0,0,0,0,0,0,0,1,0,0,0,0,0,0,0,0,0,0
283,HR,2,M,female,2,Y,yes,665,45,0,0,0,0,0,0,0,0,0,0,0,0,236,429,0,0,0,0,0,0,0,0,0,0,0,0,0,0,0,0,0,0,0,0,0,0,1,44,0,0,0,0,0,0,0,0,0,0
190,TL,3,B,male,4,N,no,3898,15,0,0,0,0,0,0,0,0,0,0,0,0,215,3683,0,0,0,0,0,0,0,0,0,0,0,0,0,0,0,0,0,0,0,0,0,0,3,12,0,0,0,0,0,0,0,0,0,0
16,HR,1,B,male,2,N,no,1010,40,0,0,0,0,0,0,0,0,0,0,0,0,232,778,0,0,0,0,0,0,0,0,0,0,0,0,0,0,0,0,0,0,0,0,0,0,2,38,0,0,0,0,0,0,0,0,0,0
14,TL,4,B,male,2,N,no,910,4,0,0,0,0,0,0,0,0,0,0,0,0,615,295,0,0,0,0,0,0,0,0,0,0,0,0,0,0,0,0,0,0,0,0,0,0,0,4,0,0,0,0,0,0,0,0,0,0
289,OC,3,G,female,4,Y,no,334,0,0,0,0,0,0,0,0,0,0,0,0,0,64,270,0,0,0,0,0,0,0,0,0,0,0,0,0,0,0,0,0,0,0,0,0,0,0,0,0,0,0,0,0,0,0,0,0,0
195,OA,4,M,male,1,N,yes,862,4,0,0,0,0,0,0,0,0,0,0,0,0,244,618,0,0,0,0,0,0,0,0,0,0,0,0,0,0,0,0,0,0,0,0,0,0,4,0,0,0,0,0,0,0,0,0,0,0
126,TL,3,G,female,7,N,no,9362,2,0,0,0,0,0,0,0,0,0,0,0,0,851,8511,0,0,0,0,0,0,0,0,0,0,0,0,0,0,0,0,0,0,0,0,0,0,2,0,0,0,0,0,0,0,0,0,0,0
55,HR,2,G,male,1,N,no,117,7,0,0,0,0,0,0,0,0,0,0,0,0,31,86,0,0,0,0,0,0,0,0,0,0,0,0,0,0,0,0,0,0,0,0,0,0,3,4,0,0,0,0,0,0,0,0,0,0
20,TL,4,G,female,1,N,no,523,16,0,0,0,0,0,0,0,0,0,0,0,0,178,345,0,0,0,0,0,0,0,0,0,0,0,0,0,0,0,0,0,0,0,0,0,0,12,4,0,0,0,0,0,0,0,0,0,0
17,OC,3,G,female,4,Y,no,2803,16,0,0,0,0,0,0,0,0,0,0,0,0,1303,1500,0,0,0,0,0,0,0,0,0,0,0,0,0,0,0,0,0,0,0,0,0,0,8,8,0,0,0,0,0,0,0,0,0,0
8,TL,4,G,female,4,N,no,284,0,0,0,0,0,0,0,0,0,0,0,0,0,78,206,0,0,0,0,0,0,0,0,0,0,0,0,0,0,0,0,0,0,0,0,0,0,0,0,0,0,0,0,0,0,0,0,0,0
153,TL,3,M,female,7,N,no,2129,0,0,0,0,0,0,0,0,0,0,0,0,0,693,1436,0,0,0,0,0,0,0,0,0,0,0,0,0,0,0,0,0,0,0,0,0,0,0,0,0,0,0,0,0,0,0,0,0,0
268,OC,4,B,female,1,N,no,1257,2,0,0,0,0,0,0,0,0,0,0,0,0,223,1034,0,0,0,0,0,0,0,0,0,0,0,0,0,0,0,0,0,0,0,0,0,0,0,2,0,0,0,0,0,0,0,0,0,0
169,OC,3,G,female,2,Y,yes,3195,2,0,0,0,0,0,0,0,0,0,0,0,0,91,3104,0,0,0,0,0,0,0,0,0,0,0,0,0,0,0,0,0,0,0,0,0,0,0,2,0,0,0,0,0,0,0,0,0,0
178,TL,4,G,female,1,N,no,437,0,0,0,0,0,0,0,0,0,0,0,0,0,213,224,0,0,0,0,0,0,0,0,0,0,0,0,0,0,0,0,0,0,0,0,0,0,0,0,0,0,0,0,0,0,0,0,0,0
91,OA,1,G,female,15,Y,yes,24809,730,0,0,0,0,0,0,0,0,0,0,0,0,9704,15105,0,0,0,0,0,0,0,0,0,0,0,0,0,0,0,0,0,0,0,0,0,0,438,292,0,0,0,0,0,0,0,0,0,0
108,HR,4,G,male,4,N,no,598,22,0,0,0,0,0,0,0,0,0,0,0,0,266,332,0,0,0,0,0,0,0,0,0,0,0,0,0,0,0,0,0,0,0,0,0,0,6,16,0,0,0,0,0,0,0,0,0,0
89,TL,4,M,male,2,N,no,96,0,0,0,0,0,0,0,0,0,0,0,0,0,16,80,0,0,0,0,0,0,0,0,0,0,0,0,0,0,0,0,0,0,0,0,0,0,0,0,0,0,0,0,0,0,0,0,0,0
189,TL,3,P,female,1,N,no,4069,0,0,0,0,0,0,0,0,0,0,0,0,0,2551,1518,0,0,0,0,0,0,0,0,0,0,0,0,0,0,0,0,0,0,0,0,0,0,0,0,0,0,0,0,0,0,0,0,0,0
18,TL,4,B,female,2,N,no,632,0,0,0,0,0,0,0,0,0,0,0,0,0,108,524,0,0,0,0,0,0,0,0,0,0,0,0,0,0,0,0,0,0,0,0,0,0,0,0,0,0,0,0,0,0,0,0,0,0
257,TL,4,M,female,2,N,no,86,0,0,0,0,0,0,0,0,0,0,0,0,0,62,24,0,0,0,0,0,0,0,0,0,0,0,0,0,0,0,0,0,0,0,0,0,0,0,0,0,0,0,0,0,0,0,0,0,0
88,TL,4,B,male,2,N,no,234,2,0,0,0,0,0,0,0,0,0,0,0,0,76,158,0,0,0,0,0,0,0,0,0,0,0,0,0,0,0,0,0,0,0,0,0,0,0,2,0,0,0,0,0,0,0,0,0,0
48,OA,3,G,female,4,N,no,1262,114,0,0,0,0,0,0,0,0,0,0,0,0,330,932,0,0,0,0,0,0,0,0,0,0,0,0,0,0,0,0,0,0,0,0,0,0,2,112,0,0,0,0,0,0,0,0,0,0
124,TL,2,G,male,2,N,no,7451,14,0,0,0,0,0,0,0,0,0,0,0,0,5772,1679,0,0,0,0,0,0,0,0,0,0,0,0,0,0,0,0,0,0,0,0,0,0,0,14,0,0,0,0,0,0,0,0,0,0
208,OC,4,G,male,4,Y,no,8143,2,0,0,0,0,0,0,0,0,0,0,0,0,2458,5685,0,0,0,0,0,0,0,0,0,0,0,0,0,0,0,0,0,0,0,0,0,0,2,0,0,0,0,0,0,0,0,0,0,0
281,TL,3,G,female,7,N,yes,3543,2,0,0,0,0,0,0,0,0,0,0,0,0,156,3387,0,0,0,0,0,0,0,0,0,0,0,0,0,0,0,0,0,0,0,0,0,0,0,2,0,0,0,0,0,0,0,0,0,0
71,OC,2,B,male,4,N,yes,2419,211,0,0,0,0,0,0,0,0,0,0,0,0,563,1856,0,0,0,0,0,0,0,0,0,0,0,0,0,0,0,0,0,0,0,0,0,0,26,185,0,0,0,0,0,0,0,0,0,0
43,TL,3,G,female,4,N,no,24557,12,0,0,0,0,0,0,0,0,0,0,0,0,676,23881,0,0,0,0,0,0,0,0,0,0,0,0,0,0,0,0,0,0,0,0,0,0,0,12,0,0,0,0,0,0,0,0,0,0
83,TL,4,M,male,2,N,no,1610,0,0,0,0,0,0,0,0,0,0,0,0,0,878,732,0,0,0,0,0,0,0,0,0,0,0,0,0,0,0,0,0,0,0,0,0,0,0,0,0,0,0,0,0,0,0,0,0,0
159,TL,3,G,female,7,N,no,11197,16,0,0,0,0,0,0,0,0,0,0,0,0,3286,7911,0,0,0,0,0,0,0,0,0,0,0,0,0,0,0,0,0,0,0,0,0,0,14,2,0,0,0,0,0,0,0,0,0,0
118,TL,4,G,female,2,Y,yes,506,8,0,0,0,0,0,0,0,0,0,0,0,0,220,286,0,0,0,0,0,0,0,0,0,0,0,0,0,0,0,0,0,0,0,0,0,0,8,0,0,0,0,0,0,0,0,0,0,0
175,OA,3,G,male,4,N,yes,1856,134,0,0,0,0,0,0,0,0,0,0,0,0,179,1677,0,0,0,0,0,0,0,0,0,0,0,0,0,0,0,0,0,0,0,0,0,0,114,20,0,0,0,0,0,0,0,0,0,0
290,TL,5,G,male,2,N,yes,2410,4,0,0,0,0,0,0,0,0,0,0,0,0,1090,1320,0,0,0,0,0,0,0,0,0,0,0,0,0,0,0,0,0,0,0,0,0,0,0,4,0,0,0,0,0,0,0,0,0,0
245,TL,4,G,female,1,N,no,0,0,0,0,0,0,0,0,0,0,0,0,0,0,0,0,0,0,0,0,0,0,0,0,0,0,0,0,0,0,0,0,0,0,0,0,0,0,0,0,0,0,0,0,0,0,0,0,0,0
294,TL,4,G,female,2,N,no,1691,0,0,0,0,0,0,0,0,0,0,0,0,0,57,1634,0,0,0,0,0,0,0,0,0,0,0,0,0,0,0,0,0,0,0,0,0,0,0,0,0,0,0,0,0,0,0,0,0,0
263,OC,3,M,female,4,Y,no,1537,14,0,0,0,0,0,0,0,0,0,0,0,0,385,1152,0,0,0,0,0,0,0,0,0,0,0,0,0,0,0,0,0,0,0,0,0,0,0,14,0,0,0,0,0,0,0,0,0,0
24,TL,4,G,female,1,N,no,897,4,0,0,0,0,0,0,0,0,0,0,0,0,467,430,0,0,0,0,0,0,0,0,0,0,0,0,0,0,0,0,0,0,0,0,0,0,4,0,0,0,0,0,0,0,0,0,0,0
138,TL,3,G,male,2,N,no,3225,0,0,0,0,0,0,0,0,0,0,0,0,0,56,3169,0,0,0,0,0,0,0,0,0,0,0,0,0,0,0,0,0,0,0,0,0,0,0,0,0,0,0,0,0,0,0,0,0,0
53,TL,3,G,male,2,Y,yes,2945,18,0,0,0,0,0,0,0,0,0,0,0,0,1198,1747,0,0,0,0,0,0,0,0,0,0,0,0,0,0,0,0,0,0,0,0,0,0,12,6,0,0,0,0,0,0,0,0,0,0
222,OC,3,G,female,7,N,no,27450,6,0,0,0,0,0,0,0,0,0,0,0,0,14171,13279,0,0,0,0,0,0,0,0,0,0,0,0,0,0,0,0,0,0,0,0,0,0,0,6,0,0,0,0,0,0,0,0,0,0
38,TL,4,B,female,2,N,no,2374,0,0,0,0,0,0,0,0,0,0,0,0,0,167,2207,0,0,0,0,0,0,0,0,0,0,0,0,0,0,0,0,0,0,0,0,0,0,0,0,0,0,0,0,0,0,0,0,0,0
225,TL,3,G,female,2,N,no,562,0,0,0,0,0,0,0,0,0,0,0,0,0,78,484,0,0,0,0,0,0,0,0,0,0,0,0,0,0,0,0,0,0,0,0,0,0,0,0,0,0,0,0,0,0,0,0,0,0
163,TL,4,B,female,4,N,yes,136,13,0,0,0,0,0,0,0,0,0,0,0,0,18,118,0,0,0,0,0,0,0,0,0,0,0,0,0,0,0,0,0,0,0,0,0,0,1,12,0,0,0,0,0,0,0,0,0,0
265,HR,3,G,female,4,N,no,867,16,0,0,0,0,0,0,0,0,0,0,0,0,38,829,0,0,0,0,0,0,0,0,0,0,0,0,0,0,0,0,0,0,0,0,0,0,0,16,0,0,0,0,0,0,0,0,0,0
13,TL,4,G,female,1,N,no,614,0,0,0,0,0,0,0,0,0,0,0,0,0,160,454,0,0,0,0,0,0,0,0,0,0,0,0,0,0,0,0,0,0,0,0,0,0,0,0,0,0,0,0,0,0,0,0,0,0
285,TL,4,G,female,7,N,no,453,0,0,0,0,0,0,0,0,0,0,0,0,0,188,265,0,0,0,0,0,0,0,0,0,0,0,0,0,0,0,0,0,0,0,0,0,0,0,0,0,0,0,0,0,0,0,0,0,0
206,TL,3,G,female,7,N,no,2300,0,0,0,0,0,0,0,0,0,0,0,0,0,74,2226,0,0,0,0,0,0,0,0,0,0,0,0,0,0,0,0,0,0,0,0,0,0,0,0,0,0,0,0,0,0,0,0,0,0
273,TL,1,B,female,15,N,yes,2881,60,0,0,0,0,0,0,0,0,0,0,0,0,1821,1060,0,0,0,0,0,0,0,0,0,0,0,0,0,0,0,0,0,0,0,0,0,0,44,16,0,0,0,0,0,0,0,0,0,0
146,TL,4,P,female,2,Y,yes,455,0,0,0,0,0,0,0,0,0,0,0,0,0,61,394,0,0,0,0,0,0,0,0,0,0,0,0,0,0,0,0,0,0,0,0,0,0,0,0,0,0,0,0,0,0,0,0,0,0
241,TL,4,B,male,2,Y,yes,1100,4,0,0,0,0,0,0,0,0,0,0,0,0,108,992,0,0,0,0,0,0,0,0,0,0,0,0,0,0,0,0,0,0,0,0,0,0,0,4,0,0,0,0,0,0,0,0,0,0
110,TL,4,P,male,1,N,no,845,18,0,0,0,0,0,0,0,0,0,0,0,0,312,533,0,0,0,0,0,0,0,0,0,0,0,0,0,0,0,0,0,0,0,0,0,0,10,8,0,0,0,0,0,0,0,0,0,0
19,TL,4,M,female,4,N,no,534,0,0,0,0,0,0,0,0,0,0,0,0,0,95,439,0,0,0,0,0,0,0,0,0,0,0,0,0,0,0,0,0,0,0,0,0,0,0,0,0,0,0,0,0,0,0,0,0,0
68,OC,3,M,female,2,N,no,485,0,0,0,0,0,0,0,0,0,0,0,0,0,122,363,0,0,0,0,0,0,0,0,0,0,0,0,0,0,0,0,0,0,0,0,0,0,0,0,0,0,0,0,0,0,0,0,0,0
130,TL,3,G,female,7,N,no,2,0,0,0,0,0,0,0,0,0,0,0,0,0,2,0,0,0,0,0,0,0,0,0,0,0,0,0,0,0,0,0,0,0,0,0,0,0,0,0,0,0,0,0,0,0,0,0,0,0
183,TL,4,B,female,2,N,no,1848,8,0,0,0,0,0,0,0,0,0,0,0,0,178,1670,0,0,0,0,0,0,0,0,0,0,0,0,0,0,0,0,0,0,0,0,0,0,2,6,0,0,0,0,0,0,0,0,0,0
74,TL,3,P,female,1,N,no,2119,0,0,0,0,0,0,0,0,0,0,0,0,0,681,1438,0,0,0,0,0,0,0,0,0,0,0,0,0,0,0,0,0,0,0,0,0,0,0,0,0,0,0,0,0,0,0,0,0,0
171,TL,4,P,female,1,N,no,130,0,0,0,0,0,0,0,0,0,0,0,0,0,36,94,0,0,0,0,0,0,0,0,0,0,0,0,0,0,0,0,0,0,0,0,0,0,0,0,0,0,0,0,0,0,0,0,0,0
173,OC,3,G,female,7,N,yes,1747,18,0,0,0,0,0,0,0,0,0,0,0,0,342,1405,0,0,0,0,0,0,0,0,0,0,0,0,0,0,0,0,0,0,0,0,0,0,0,18,0,0,0,0,0,0,0,0,0,0
9,TL,3,G,male,1,N,no,2982,6,0,0,0,0,0,0,0,0,0,0,0,0,1970,1012,0,0,0,0,0,0,0,0,0,0,0,0,0,0,0,0,0,0,0,0,0,0,4,2,0,0,0,0,0,0,0,0,0,0
36,TL,2,B,female,7,N,yes,3272,34,0,0,0,0,0,0,0,0,0,0,0,0,2320,952,0,0,0,0,0,0,0,0,0,0,0,0,0,0,0,0,0,0,0,0,0,0,28,6,0,0,0,0,0,0,0,0,0,0
152,TL,4,G,female,1,N,no,63,2,0,0,0,0,0,0,0,0,0,0,0,0,41,22,0,0,0,0,0,0,0,0,0,0,0,0,0,0,0,0,0,0,0,0,0,0,2,0,0,0,0,0,0,0,0,0,0,0
127,OC,4,B,female,1,N,no,2341,2,0,0,0,0,0,0,0,0,0,0,0,0,2044,297,0,0,0,0,0,0,0,0,0,0,0,0,0,0,0,0,0,0,0,0,0,0,0,2,0,0,0,0,0,0,0,0,0,0
254,TL,3,M,female,2,N,no,122,0,0,0,0,0,0,0,0,0,0,0,0,0,0,122,0,0,0,0,0,0,0,0,0,0,0,0,0,0,0,0,0,0,0,0,0,0,0,0,0,0,0,0,0,0,0,0,0,0
69,TL,4,G,male,2,N,no,1479,2,0,0,0,0,0,0,0,0,0,0,0,0,607,872,0,0,0,0,0,0,0,0,0,0,0,0,0,0,0,0,0,0,0,0,0,0,2,0,0,0,0,0,0,0,0,0,0,0
52,TL,2,G,male,7,N,no,3831,12,0,0,0,0,0,0,0,0,0,0,0,0,1491,2340,0,0,0,0,0,0,0,0,0,0,0,0,0,0,0,0,0,0,0,0,0,0,0,12,0,0,0,0,0,0,0,0,0,0
102,OC,4,B,male,2,N,no,1399,0,0,0,0,0,0,0,0,0,0,0,0,0,1113,286,0,0,0,0,0,0,0,0,0,0,0,0,0,0,0,0,0,0,0,0,0,0,0,0,0,0,0,0,0,0,0,0,0,0
261,TL,4,M,female,4,N,no,38,0,0,0,0,0,0,0,0,0,0,0,0,0,0,38,0,0,0,0,0,0,0,0,0,0,0,0,0,0,0,0,0,0,0,0,0,0,0,0,0,0,0,0,0,0,0,0,0,0
106,OC,4,B,female,1,N,no,2437,7,0,0,0,0,0,0,0,0,0,0,0,0,2095,342,0,0,0,0,0,0,0,0,0,0,0,0,0,0,0,0,0,0,0,0,0,0,0,7,0,0,0,0,0,0,0,0,0,0
221,TL,4,M,female,2,N,no,544,6,0,0,0,0,0,0,0,0,0,0,0,0,80,464,0,0,0,0,0,0,0,0,0,0,0,0,0,0,0,0,0,0,0,0,0,0,2,4,0,0,0,0,0,0,0,0,0,0
139,TL,3,M,female,7,N,no,2708,0,0,0,0,0,0,0,0,0,0,0,0,0,1378,1330,0,0,0,0,0,0,0,0,0,0,0,0,0,0,0,0,0,0,0,0,0,0,0,0,0,0,0,0,0,0,0,0,0,0
182,OC,3,G,male,2,N,no,1034,75,0,0,0,0,0,0,0,0,0,0,0,0,262,772,0,0,0,0,0,0,0,0,0,0,0,0,0,0,0,0,0,0,0,0,0,0,19,56,0,0,0,0,0,0,0,0,0,0
101,TL,4,G,female,2,N,yes,93,0,0,0,0,0,0,0,0,0,0,0,0,0,29,64,0,0,0,0,0,0,0,0,0,0,0,0,0,0,0,0,0,0,0,0,0,0,0,0,0,0,0,0,0,0,0,0,0,0
100,TL,4,G,female,1,N,no,805,20,0,0,0,0,0,0,0,0,0,0,0,0,106,699,0,0,0,0,0,0,0,0,0,0,0,0,0,0,0,0,0,0,0,0,0,0,6,14,0,0,0,0,0,0,0,0,0,0
228,TL,1,G,female,15,N,no,1439,2,0,0,0,0,0,0,0,0,0,0,0,0,500,939,0,0,0,0,0,0,0,0,0,0,0,0,0,0,0,0,0,0,0,0,0,0,0,2,0,0,0,0,0,0,0,0,0,0
28,OC,4,G,male,2,Y,no,15128,6,0,0,0,0,0,0,0,0,0,0,0,0,4060,11068,0,0,0,0,0,0,0,0,0,0,0,0,0,0,0,0,0,0,0,0,0,0,0,6,0,0,0,0,0,0,0,0,0,0
72,HR,4,M,male,2,N,no,483,17,0,0,0,0,0,0,0,0,0,0,0,0,260,223,0,0,0,0,0,0,0,0,0,0,0,0,0,0,0,0,0,0,0,0,0,0,4,13,0,0,0,0,0,0,0,0,0,0
181,TL,4,B,female,2,N,no,536,24,0,0,0,0,0,0,0,0,0,0,0,0,277,259,0,0,0,0,0,0,0,0,0,0,0,0,0,0,0,0,0,0,0,0,0,0,24,0,0,0,0,0,0,0,0,0,0,0
61,HR,1,G,female,15,Y,yes,10178,855,0,0,0,0,0,0,0,0,0,0,0,0,3695,6483,0,0,0,0,0,0,0,0,0,0,0,0,0,0,0,0,0,0,0,0,0,0,404,451,0,0,0,0,0,0,0,0,0,0
185,TL,1,G,female,15,N,yes,6525,219,0,0,0,0,0,0,0,0,0,0,0,0,902,5623,0,0,0,0,0,0,0,0,0,0,0,0,0,0,0,0,0,0,0,0,0,0,87,132,0,0,0,0,0,0,0,0,0,0
11,OC,2,G,female,7,N,yes,128,8,0,0,0,0,0,0,0,0,0,0,0,0,38,90,0,0,0,0,0,0,0,0,0,0,0,0,0,0,0,0,0,0,0,0,0,0,4,4,0,0,0,0,0,0,0,0,0,0
92,OC,3,M,female,2,N,no,7170,2,0,0,0,0,0,0,0,0,0,0,0,0,3844,3326,0,0,0,0,0,0,0,0,0,0,0,0,0,0,0,0,0,0,0,0,0,0,0,2,0,0,0,0,0,0,0,0,0,0
63,TL,2,M,female,7,N,no,1908,14,0,0,0,0,0,0,0,0,0,0,0,0,179,1729,0,0,0,0,0,0,0,0,0,0,0,0,0,0,0,0,0,0,0,0,0,0,0,14,0,0,0,0,0,0,0,0,0,0
51,HR,2,G,female,7,N,no,339,20,0,0,0,0,0,0,0,0,0,0,0,0,64,275,0,0,0,0,0,0,0,0,0,0,0,0,0,0,0,0,0,0,0,0,0,0,0,20,0,0,0,0,0,0,0,0,0,0
160,TL,4,G,female,2,N,no,21881,1,0,0,0,0,0,0,0,0,0,0,0,0,21843,38,0,0,0,0,0,0,0,0,0,0,0,0,0,0,0,0,0,0,0,0,0,0,0,1,0,0,0,0,0,0,0,0,0,0
105,TL,4,G,female,1,N,no,372,0,0,0,0,0,0,0,0,0,0,0,0,0,147,225,0,0,0,0,0,0,0,0,0,0,0,0,0,0,0,0,0,0,0,0,0,0,0,0,0,0,0,0,0,0,0,0,0,0
73,TL,3,B,female,4,N,no,1072,16,0,0,0,0,0,0,0,0,0,0,0,0,324,748,0,0,0,0,0,0,0,0,0,0,0,0,0,0,0,0,0,0,0,0,0,0,16,0,0,0,0,0,0,0,0,0,0,0
82,TL,3,M,female,7,Y,no,7682,71,0,0,0,0,0,0,0,0,0,0,0,0,3481,4201,0,0,0,0,0,0,0,0,0,0,0,0,0,0,0,0,0,0,0,0,0,0,59,12,0,0,0,0,0,0,0,0,0,0
286,HR,3,B,male,4,N,no,853,28,0,0,0,0,0,0,0,0,0,0,0,0,423,430,0,0,0,0,0,0,0,0,0,0,0,0,0,0,0,0,0,0,0,0,0,0,2,26,0,0,0,0,0,0,0,0,0,0
136,TL,3,G,female,7,N,no,642,7,0,0,0,0,0,0,0,0,0,0,0,0,160,482,0,0,0,0,0,0,0,0,0,0,0,0,0,0,0,0,0,0,0,0,0,0,4,3,0,0,0,0,0,0,0,0,0,0
115,TL,2,M,female,7,Y,yes,1617,46,0,0,0,0,0,0,0,0,0,0,0,0,450,1167,0,0,0,0,0,0,0,0,0,0,0,0,0,0,0,0,0,0,0,0,0,0,2,44,0,0,0,0,0,0,0,0,0,0
114,TL,4,G,female,2,N,no,1534,13,0,0,0,0,0,0,0,0,0,0,0,0,1222,312,0,0,0,0,0,0,0,0,0,0,0,0,0,0,0,0,0,0,0,0,0,0,13,0,0,0,0,0,0,0,0,0,0,0
271,TL,4,G,male,2,N,no,391,0,0,0,0,0,0,0,0,0,0,0,0,0,165,226,0,0,0,0,0,0,0,0,0,0,0,0,0,0,0,0,0,0,0,0,0,0,0,0,0,0,0,0,0,0,0,0,0,0
6,HR,4,G,male,1,N,no,644,4,0,0,0,0,0,0,0,0,0,0,0,0,166,478,0,0,0,0,0,0,0,0,0,0,0,0,0,0,0,0,0,0,0,0,0,0,0,4,0,0,0,0,0,0,0,0,0,0
186,TL,3,G,female,7,N,no,1432,2,0,0,0,0,0,0,0,0,0,0,0,0,633,799,0,0,0,0,0,0,0,0,0,0,0,0,0,0,0,0,0,0,0,0,0,0,2,0,0,0,0,0,0,0,0,0,0,0
168,OC,1,G,male,7,Y,no,15414,74,0,0,0,0,0,0,0,0,0,0,0,0,6085,9329,0,0,0,0,0,0,0,0,0,0,0,0,0,0,0,0,0,0,0,0,0,0,45,29,0,0,0,0,0,0,0,0,0,0
22,HR,4,G,male,1,Y,no,7292,768,0,0,0,0,0,0,0,0,0,0,0,0,2846,4446,0,0,0,0,0,0,0,0,0,0,0,0,0,0,0,0,0,0,0,0,0,0,0,768,0,0,0,0,0,0,0,0,0,0
40,TL,4,M,female,2,N,no,437,0,0,0,0,0,0,0,0,0,0,0,0,0,23,414,0,0,0,0,0,0,0,0,0,0,0,0,0,0,0,0,0,0,0,0,0,0,0,0,0,0,0,0,0,0,0,0,0,0
247,TL,4,M,female,1,N,no,2,0,0,0,0,0,0,0,0,0,0,0,0,0,0,2,0,0,0,0,0,0,0,0,0,0,0,0,0,0,0,0,0,0,0,0,0,0,0,0,0,0,0,0,0,0,0,0,0,0
279,TL,2,B,female,2,N,no,4627,0,0,0,0,0,0,0,0,0,0,0,0,0,1513,3114,0,0,0,0,0,0,0,0,0,0,0,0,0,0,0,0,0,0,0,0,0,0,0,0,0,0,0,0,0,0,0,0,0,0
280,TL,4,B,female,2,N,no,558,2,0,0,0,0,0,0,0,0,0,0,0,0,221,337,0,0,0,0,0,0,0,0,0,0,0,0,0,0,0,0,0,0,0,0,0,0,0,2,0,0,0,0,0,0,0,0,0,0
123,OA,3,G,male,1,Y,no,1429,85,0,0,0,0,0,0,0,0,0,0,0,0,360,1069,0,0,0,0,0,0,0,0,0,0,0,0,0,0,0,0,0,0,0,0,0,0,0,85,0,0,0,0,0,0,0,0,0,0
211,TL,4,G,female,2,N,no,108,0,0,0,0,0,0,0,0,0,0,0,0,0,8,100,0,0,0,0,0,0,0,0,0,0,0,0,0,0,0,0,0,0,0,0,0,0,0,0,0,0,0,0,0,0,0,0,0,0
291,TL,3,P,male,1,N,no,41,0,0,0,0,0,0,0,0,0,0,0,0,0,4,37,0,0,0,0,0,0,0,0,0,0,0,0,0,0,0,0,0,0,0,0,0,0,0,0,0,0,0,0,0,0,0,0,0,0
70,TL,3,B,male,2,N,no,1255,13,0,0,0,0,0,0,0,0,0,0,0,0,464,791,0,0,0,0,0,0,0,0,0,0,0,0,0,0,0,0,0,0,0,0,0,0,13,0,0,0,0,0,0,0,0,0,0,0
275,OC,4,B,male,1,N,no,69,0,0,0,0,0,0,0,0,0,0,0,0,0,8,61,0,0,0,0,0,0,0,0,0,0,0,0,0,0,0,0,0,0,0,0,0,0,0,0,0,0,0,0,0,0,0,0,0,0
29,TL,3,B,female,1,N,no,490,0,0,0,0,0,0,0,0,0,0,0,0,0,158,332,0,0,0,0,0,0,0,0,0,0,0,0,0,0,0,0,0,0,0,0,0,0,0,0,0,0,0,0,0,0,0,0,0,0
205,OC,3,B,male,1,N,no,4623,0,0,0,0,0,0,0,0,0,0,0,0,0,4170,453,0,0,0,0,0,0,0,0,0,0,0,0,0,0,0,0,0,0,0,0,0,0,0,0,0,0,0,0,0,0,0,0,0,0
112,TL,4,G,female,4,N,no,355,0,0,0,0,0,0,0,0,0,0,0,0,0,137,218,0,0,0,0,0,0,0,0,0,0,0,0,0,0,0,0,0,0,0,0,0,0,0,0,0,0,0,0,0,0,0,0,0,0
158,TL,2,G,female,7,N,yes,743,6,0,0,0,0,0,0,0,0,0,0,0,0,464,279,0,0,0,0,0,0,0,0,0,0,0,0,0,0,0,0,0,0,0,0,0,0,2,4,0,0,0,0,0,0,0,0,0,0
97,TL,4,G,female,2,N,no,679,0,0,0,0,0,0,0,0,0,0,0,0,0,105,574,0,0,0,0,0,0,0,0,0,0,0,0,0,0,0,0,0,0,0,0,0,0,0,0,0,0,0,0,0,0,0,0,0,0
277,TL,3,B,female,2,N,no,94,0,0,0,0,0,0,0,0,0,0,0,0,0,18,76,0,0,0,0,0,0,0,0,0,0,0,0,0,0,0,0,0,0,0,0,0,0,0,0,0,0,0,0,0,0,0,0,0,0
237,TL,4,B,female,1,N,no,356,2,0,0,0,0,0,0,0,0,0,0,0,0,28,328,0,0,0,0,0,0,0,0,0,0,0,0,0,0,0,0,0,0,0,0,0,0,2,0,0,0,0,0,0,0,0,0,0,0
116,TL,4,M,female,2,N,no,3135,53,0,0,0,0,0,0,0,0,0,0,0,0,1168,1967,0,0,0,0,0,0,0,0,0,0,0,0,0,0,0,0,0,0,0,0,0,0,53,0,0,0,0,0,0,0,0,0,0,0
217,TL,4,G,female,2,N,no,460,18,0,0,0,0,0,0,0,0,0,0,0,0,256,204,0,0,0,0,0,0,0,0,0,0,0,0,0,0,0,0,0,0,0,0,0,0,18,0,0,0,0,0,0,0,0,0,0,0
86,HR,3,M,male,4,N,yes,2982,36,0,0,0,0,0,0,0,0,0,0,0,0,573,2409,0,0,0,0,0,0,0,0,0,0,0,0,0,0,0,0,0,0,0,0,0,0,0,36,0,0,0,0,0,0,0,0,0,0
161,OA,2,G,male,1,N,yes,2702,30,0,0,0,0,0,0,0,0,0,0,0,0,1130,1572,0,0,0,0,0,0,0,0,0,0,0,0,0,0,0,0,0,0,0,0,0,0,4,26,0,0,0,0,0,0,0,0,0,0
4,TL,3,B,female,7,N,no,2610,52,0,0,0,0,0,0,0,0,0,0,0,0,660,1950,0,0,0,0,0,0,0,0,0,0,0,0,0,0,0,0,0,0,0,0,0,0,52,0,0,0,0,0,0,0,0,0,0,0
2,TL,4,G,female,1,N,no,863,2,0,0,0,0,0,0,0,0,0,0,0,0,169,694,0,0,0,0,0,0,0,0,0,0,0,0,0,0,0,0,0,0,0,0,0,0,2,0,0,0,0,0,0,0,0,0,0,0
151,TL,4,G,female,2,Y,no,1696,22,0,0,0,0,0,0,0,0,0,0,0,0,448,1248,0,0,0,0,0,0,0,0,0,0,0,0,0,0,0,0,0,0,0,0,0,0,20,2,0,0,0,0,0,0,0,0,0,0
7,OC,2,M,male,1,N,no,1203,2,0,0,0,0,0,0,0,0,0,0,0,0,1047,156,0,0,0,0,0,0,0,0,0,0,0,0,0,0,0,0,0,0,0,0,0,0,0,2,0,0,0,0,0,0,0,0,0,0
77,TL,3,G,male,15,N,no,20208,12,0,0,0,0,0,0,0,0,0,0,0,0,6366,13842,0,0,0,0,0,0,0,0,0,0,0,0,0,0,0,0,0,0,0,0,0,0,0,12,0,0,0,0,0,0,0,0,0,0
253,TL,3,G,male,2,N,no,223,0,0,0,0,0,0,0,0,0,0,0,0,0,50,173,0,0,0,0,0,0,0,0,0,0,0,0,0,0,0,0,0,0,0,0,0,0,0,0,0,0,0,0,0,0,0,0,0,0
32,TL,2,G,male,7,Y,no,26098,1261,0,0,0,0,0,0,0,0,0,0,0,0,11626,14472,0,0,0,0,0,0,0,0,0,0,0,0,0,0,0,0,0,0,0,0,0,0,6,1255,0,0,0,0,0,0,0,0,0,0
33,TL,2,G,female,7,Y,no,7670,11,0,0,0,0,0,0,0,0,0,0,0,0,1763,5907,0,0,0,0,0,0,0,0,0,0,0,0,0,0,0,0,0,0,0,0,0,0,2,9,0,0,0,0,0,0,0,0,0,0
111,TL,2,G,female,15,N,no,5037,12,0,0,0,0,0,0,0,0,0,0,0,0,878,4159,0,0,0,0,0,0,0,0,0,0,0,0,0,0,0,0,0,0,0,0,0,0,2,10,0,0,0,0,0,0,0,0,0,0
201,TL,3,P,male,1,N,no,588,0,0,0,0,0,0,0,0,0,0,0,0,0,26,562,0,0,0,0,0,0,0,0,0,0,0,0,0,0,0,0,0,0,0,0,0,0,0,0,0,0,0,0,0,0,0,0,0,0
231,TL,2,G,female,7,N,no,6396,8,0,0,0,0,0,0,0,0,0,0,0,0,411,5985,0,0,0,0,0,0,0,0,0,0,0,0,0,0,0,0,0,0,0,0,0,0,0,8,0,0,0,0,0,0,0,0,0,0
34,TL,4,B,female,2,N,no,78037,0,0,0,0,0,0,0,0,0,0,0,0,0,17048,60989,0,0,0,0,0,0,0,0,0,0,0,0,0,0,0,0,0,0,0,0,0,0,0,0,0,0,0,0,0,0,0,0,0,0
62,OC,2,G,female,4,N,yes,1030,26,0,0,0,0,0,0,0,0,0,0,0,0,274,756,0,0,0,0,0,0,0,0,0,0,0,0,0,0,0,0,0,0,0,0,0,0,2,24,0,0,0,0,0,0,0,0,0,0
282,TL,3,G,male,7,N,no,1521,6,0,0,0,0,0,0,0,0,0,0,0,0,326,1195,0,0,0,0,0,0,0,0,0,0,0,0,0,0,0,0,0,0,0,0,0,0,0,6,0,0,0,0,0,0,0,0,0,0
128,TL,4,B,female,1,N,no,495,0,0,0,0,0,0,0,0,0,0,0,0,0,258,237,0,0,0,0,0,0,0,0,0,0,0,0,0,0,0,0,0,0,0,0,0,0,0,0,0,0,0,0,0,0,0,0,0,0
26,HR,3,M,male,2,N,yes,677,34,0,0,0,0,0,0,0,0,0,0,0,0,299,378,0,0,0,0,0,0,0,0,0,0,0,0,0,0,0,0,0,0,0,0,0,0,30,4,0,0,0,0,0,0,0,0,0,0
103,TL,2,G,female,7,N,no,2636,63,0,0,0,0,0,0,0,0,0,0,0,0,1648,988,0,0,0,0,0,0,0,0,0,0,0,0,0,0,0,0,0,0,0,0,0,0,0,63,0,0,0,0,0,0,0,0,0,0
58,TL,4,G,female,2,N,no,3740,16,0,0,0,0,0,0,0,0,0,0,0,0,537,3203,0,0,0,0,0,0,0,0,0,0,0,0,0,0,0,0,0,0,0,0,0,0,16,0,0,0,0,0,0,0,0,0,0,0
284,OC,3,B,female,4,N,no,159,2,0,0,0,0,0,0,0,0,0,0,0,0,2,157,0,0,0,0,0,0,0,0,0,0,0,0,0,0,0,0,0,0,0,0,0,0,0,2,0,0,0,0,0,0,0,0,0,0
227,OC,3,G,male,1,N,no,303,12,0,0,0,0,0,0,0,0,0,0,0,0,110,193,0,0,0,0,0,0,0,0,0,0,0,0,0,0,0,0,0,0,0,0,0,0,4,8,0,0,0,0,0,0,0,0,0,0
244,OC,4,B,male,2,N,no,2,0,0,0,0,0,0,0,0,0,0,0,0,0,0,2,0,0,0,0,0,0,0,0,0,0,0,0,0,0,0,0,0,0,0,0,0,0,0,0,0,0,0,0,0,0,0,0,0,0
288,TL,4,B,male,1,N,no,2273,0,0,0,0,0,0,0,0,0,0,0,0,0,280,1993,0,0,0,0,0,0,0,0,0,0,0,0,0,0,0,0,0,0,0,0,0,0,0,0,0,0,0,0,0,0,0,0,0,0
67,TL,4,G,female,2,N,yes,248,0,0,0,0,0,0,0,0,0,0,0,0,0,16,232,0,0,0,0,0,0,0,0,0,0,0,0,0,0,0,0,0,0,0,0,0,0,0,0,0,0,0,0,0,0,0,0,0,0
295,OC,2,M,male,7,N,yes,882,78,0,0,0,0,0,0,0,0,0,0,0,0,473,409,0,0,0,0,0,0,0,0,0,0,0,0,0,0,0,0,0,0,0,0,0,0,16,62,0,0,0,0,0,0,0,0,0,0
78,TL,4,M,female,2,N,no,869,0,0,0,0,0,0,0,0,0,0,0,0,0,226,643,0,0,0,0,0,0,0,0,0,0,0,0,0,0,0,0,0,0,0,0,0,0,0,0,0,0,0,0,0,0,0,0,0,0
109,OA,3,G,male,1,N,no,149,4,0,0,0,0,0,0,0,0,0,0,0,0,60,89,0,0,0,0,0,0,0,0,0,0,0,0,0,0,0,0,0,0,0,0,0,0,0,4,0,0,0,0,0,0,0,0,0,0
213,HR,2,B,male,7,N,yes,1116,72,0,0,0,0,0,0,0,0,0,0,0,0,411,705,0,0,0,0,0,0,0,0,0,0,0,0,0,0,0,0,0,0,0,0,0,0,6,66,0,0,0,0,0,0,0,0,0,0
142,HR,4,B,female,1,N,no,589,2,0,0,0,0,0,0,0,0,0,0,0,0,184,405,0,0,0,0,0,0,0,0,0,0,0,0,0,0,0,0,0,0,0,0,0,0,0,2,0,0,0,0,0,0,0,0,0,0
219,TL,1,G,male,15,N,yes,1732,2,0,0,0,0,0,0,0,0,0,0,0,0,1332,400,0,0,0,0,0,0,0,0,0,0,0,0,0,0,0,0,0,0,0,0,0,0,2,0,0,0,0,0,0,0,0,0,0,0
166,OC,1,G,male,7,Y,yes,20226,8,0,0,0,0,0,0,0,0,0,0,0,0,5158,15068,0,0,0,0,0,0,0,0,0,0,0,0,0,0,0,0,0,0,0,0,0,0,0,8,0,0,0,0,0,0,0,0,0,0
60,TL,3,G,female,7,N,no,704,0,0,0,0,0,0,0,0,0,0,0,0,0,143,561,0,0,0,0,0,0,0,0,0,0,0,0,0,0,0,0,0,0,0,0,0,0,0,0,0,0,0,0,0,0,0,0,0,0
236,TL,4,M,female,2,N,yes,522,2,0,0,0,0,0,0,0,0,0,0,0,0,176,346,0,0,0,0,0,0,0,0,0,0,0,0,0,0,0,0,0,0,0,0,0,0,2,0,0,0,0,0,0,0,0,0,0,0
45,HR,1,G,female,7,N,yes,1465,0,0,0,0,0,0,0,0,0,0,0,0,0,221,1244,0,0,0,0,0,0,0,0,0,0,0,0,0,0,0,0,0,0,0,0,0,0,0,0,0,0,0,0,0,0,0,0,0,0
238,TL,4,B,female,1,N,no,3588,10,0,0,0,0,0,0,0,0,0,0,0,0,40,3548,0,0,0,0,0,0,0,0,0,0,0,0,0,0,0,0,0,0,0,0,0,0,0,10,0,0,0,0,0,0,0,0,0,0
80,TL,4,G,female,1,N,no,485,0,0,0,0,0,0,0,0,0,0,0,0,0,30,455,0,0,0,0,0,0,0,0,0,0,0,0,0,0,0,0,0,0,0,0,0,0,0,0,0,0,0,0,0,0,0,0,0,0
193,TL,4,G,female,2,N,no,427,0,0,0,0,0,0,0,0,0,0,0,0,0,70,357,0,0,0,0,0,0,0,0,0,0,0,0,0,0,0,0,0,0,0,0,0,0,0,0,0,0,0,0,0,0,0,0,0,0
292,OC,4,B,male,1,Y,no,214,0,0,0,0,0,0,0,0,0,0,0,0,0,135,79,0,0,0,0,0,0,0,0,0,0,0,0,0,0,0,0,0,0,0,0,0,0,0,0,0,0,0,0,0,0,0,0,0,0
121,OA,4,G,female,2,N,no,4223,2,0,0,0,0,0,0,0,0,0,0,0,0,1165,3058,0,0,0,0,0,0,0,0,0,0,0,0,0,0,0,0,0,0,0,0,0,0,0,2,0,0,0,0,0,0,0,0,0,0
187,OC,3,G,male,2,N,no,760,64,0,0,0,0,0,0,0,0,0,0,0,0,143,617,0,0,0,0,0,0,0,0,0,0,0,0,0,0,0,0,0,0,0,0,0,0,13,51,0,0,0,0,0,0,0,0,0,0
199,TL,4,G,female,1,N,no,1600,12,0,0,0,0,0,0,0,0,0,0,0,0,266,1334,0,0,0,0,0,0,0,0,0,0,0,0,0,0,0,0,0,0,0,0,0,0,12,0,0,0,0,0,0,0,0,0,0,0
5,OC,4,B,female,2,N,no,828,2,0,0,0,0,0,0,0,0,0,0,0,0,128,700,0,0,0,0,0,0,0,0,0,0,0,0,0,0,0,0,0,0,0,0,0,0,2,0,0,0,0,0,0,0,0,0,0,0
15,TL,4,G,female,1,N,no,40,0,0,0,0,0,0,0,0,0,0,0,0,0,10,30,0,0,0,0,0,0,0,0,0,0,0,0,0,0,0,0,0,0,0,0,0,0,0,0,0,0,0,0,0,0,0,0,0,0
57,OC,3,B,female,4,Y,yes,6966,34,0,0,0,0,0,0,0,0,0,0,0,0,3061,3905,0,0,0,0,0,0,0,0,0,0,0,0,0,0,0,0,0,0,0,0,0,0,6,28,0,0,0,0,0,0,0,0,0,0
113,TL,3,P,female,1,N,no,1296,14,0,0,0,0,0,0,0,0,0,0,0,0,748,548,0,0,0,0,0,0,0,0,0,0,0,0,0,0,0,0,0,0,0,0,0,0,0,14,0,0,0,0,0,0,0,0,0,0
212,TL,3,G,male,2,N,no,1089,12,0,0,0,0,0,0,0,0,0,0,0,0,260,829,0,0,0,0,0,0,0,0,0,0,0,0,0,0,0,0,0,0,0,0,0,0,12,0,0,0,0,0,0,0,0,0,0,0
141,OC,3,B,female,1,Y,no,6224,2,0,0,0,0,0,0,0,0,0,0,0,0,3918,2306,0,0,0,0,0,0,0,0,0,0,0,0,0,0,0,0,0,0,0,0,0,0,2,0,0,0,0,0,0,0,0,0,0,0
191,TL,3,G,female,2,N,no,1173,2,0,0,0,0,0,0,0,0,0,0,0,0,470,703,0,0,0,0,0,0,0,0,0,0,0,0,0,0,0,0,0,0,0,0,0,0,0,2,0,0,0,0,0,0,0,0,0,0
220,TL,4,B,female,4,N,no,329,0,0,0,0,0,0,0,0,0,0,0,0,0,132,197,0,0,0,0,0,0,0,0,0,0,0,0,0,0,0,0,0,0,0,0,0,0,0,0,0,0,0,0,0,0,0,0,0,0
209,OA,1,G,male,15,N,no,597,184,0,0,0,0,0,0,0,0,0,0,0,0,202,395,0,0,0,0,0,0,0,0,0,0,0,0,0,0,0,0,0,0,0,0,0,0,10,174,0,0,0,0,0,0,0,0,0,0
223,OC,3,G,female,7,N,yes,7335,6,0,0,0,0,0,0,0,0,0,0,0,0,4469,2866,0,0,0,0,0,0,0,0,0,0,0,0,0,0,0,0,0,0,0,0,0,0,4,2,0,0,0,0,0,0,0,0,0,0
264,TL,4,G,female,2,N,no,270,2,0,0,0,0,0,0,0,0,0,0,0,0,68,202,0,0,0,0,0,0,0,0,0,0,0,0,0,0,0,0,0,0,0,0,0,0,0,2,0,0,0,0,0,0,0,0,0,0
143,OC,3,B,male,2,Y,no,1410,4,0,0,0,0,0,0,0,0,0,0,0,0,388,1022,0,0,0,0,0,0,0,0,0,0,0,0,0,0,0,0,0,0,0,0,0,0,0,4,0,0,0,0,0,0,0,0,0,0
239,TL,2,B,female,7,N,no,5457,16,0,0,0,0,0,0,0,0,0,0,0,0,3409,2048,0,0,0,0,0,0,0,0,0,0,0,0,0,0,0,0,0,0,0,0,0,0,6,10,0,0,0,0,0,0,0,0,0,0
39,TL,4,B,male,2,N,no,1269,0,0,0,0,0,0,0,0,0,0,0,0,0,843,426,0,0,0,0,0,0,0,0,0,0,0,0,0,0,0,0,0,0,0,0,0,0,0,0,0,0,0,0,0,0,0,0,0,0
81,TL,1,G,female,1,N,no,1751,68,0,0,0,0,0,0,0,0,0,0,0,0,464,1287,0,0,0,0,0,0,0,0,0,0,0,0,0,0,0,0,0,0,0,0,0,0,18,50,0,0,0,0,0,0,0,0,0,0
76,OC,3,G,female,1,N,no,223,31,0,0,0,0,0,0,0,0,0,0,0,0,102,121,0,0,0,0,0,0,0,0,0,0,0,0,0,0,0,0,0,0,0,0,0,0,10,21,0,0,0,0,0,0,0,0,0,0
37,TL,3,G,male,15,N,yes,12195,10,0,0,0,0,0,0,0,0,0,0,0,0,4644,7551,0,0,0,0,0,0,0,0,0,0,0,0,0,0,0,0,0,0,0,0,0,0,6,4,0,0,0,0,0,0,0,0,0,0
56,TL,1,B,female,7,N,no,8343,28,0,0,0,0,0,0,0,0,0,0,0,0,976,7367,0,0,0,0,0,0,0,0,0,0,0,0,0,0,0,0,0,0,0,0,0,0,2,26,0,0,0,0,0,0,0,0,0,0
46,TL,4,B,female,2,N,no,3327,0,0,0,0,0,0,0,0,0,0,0,0,0,0,3327,0,0,0,0,0,0,0,0,0,0,0,0,0,0,0,0,0,0,0,0,0,0,0,0,0,0,0,0,0,0,0,0,0,0
250,TL,4,G,female,2,N,no,98,0,0,0,0,0,0,0,0,0,0,0,0,0,10,88,0,0,0,0,0,0,0,0,0,0,0,0,0,0,0,0,0,0,0,0,0,0,0,0,0,0,0,0,0,0,0,0,0,0
157,TL,4,G,female,2,Y,yes,568,2,0,0,0,0,0,0,0,0,0,0,0,0,212,356,0,0,0,0,0,0,0,0,0,0,0,0,0,0,0,0,0,0,0,0,0,0,0,2,0,0,0,0,0,0,0,0,0,0
274,OC,1,M,female,7,Y,no,2946,38,0,0,0,0,0,0,0,0,0,0,0,0,706,2240,0,0,0,0,0,0,0,0,0,0,0,0,0,0,0,0,0,0,0,0,0,0,6,32,0,0,0,0,0,0,0,0,0,0
10,TL,4,G,male,2,N,no,1893,2,0,0,0,0,0,0,0,0,0,0,0,0,1109,784,0,0,0,0,0,0,0,0,0,0,0,0,0,0,0,0,0,0,0,0,0,0,0,2,0,0,0,0,0,0,0,0,0,0
84,TL,1,G,female,15,N,no,4419,32,0,0,0,0,0,0,0,0,0,0,0,0,457,3962,0,0,0,0,0,0,0,0,0,0,0,0,0,0,0,0,0,0,0,0,0,0,12,20,0,0,0,0,0,0,0,0,0,0
99,TL,3,G,female,4,N,no,360,0,0,0,0,0,0,0,0,0,0,0,0,0,15,345,0,0,0,0,0,0,0,0,0,0,0,0,0,0,0,0,0,0,0,0,0,0,0,0,0,0,0,0,0,0,0,0,0,0
164,TL,2,B,male,7,N,no,3287,6,0,0,0,0,0,0,0,0,0,0,0,0,1256,2031,0,0,0,0,0,0,0,0,0,0,0,0,0,0,0,0,0,0,0,0,0,0,2,4,0,0,0,0,0,0,0,0,0,0
119,TL,3,G,male,2,N,no,3864,24,0,0,0,0,0,0,0,0,0,0,0,0,432,3432,0,0,0,0,0,0,0,0,0,0,0,0,0,0,0,0,0,0,0,0,0,0,24,0,0,0,0,0,0,0,0,0,0,0
156,OA,4,G,female,1,N,no,1517,0,0,0,0,0,0,0,0,0,0,0,0,0,856,661,0,0,0,0,0,0,0,0,0,0,0,0,0,0,0,0,0,0,0,0,0,0,0,0,0,0,0,0,0,0,0,0,0,0
23,TL,4,G,male,2,N,no,1919,12,0,0,0,0,0,0,0,0,0,0,0,0,858,1061,0,0,0,0,0,0,0,0,0,0,0,0,0,0,0,0,0,0,0,0,0,0,12,0,0,0,0,0,0,0,0,0,0,0
149,TL,4,G,male,1,N,yes,514,8,0,0,0,0,0,0,0,0,0,0,0,0,52,462,0,0,0,0,0,0,0,0,0,0,0,0,0,0,0,0,0,0,0,0,0,0,8,0,0,0,0,0,0,0,0,0,0,0
251,OC,4,G,female,2,Y,no,65,2,0,0,0,0,0,0,0,0,0,0,0,0,14,51,0,0,0,0,0,0,0,0,0,0,0,0,0,0,0,0,0,0,0,0,0,0,0,2,0,0,0,0,0,0,0,0,0,0
180,TL,3,G,female,1,N,no,236,0,0,0,0,0,0,0,0,0,0,0,0,0,104,132,0,0,0,0,0,0,0,0,0,0,0,0,0,0,0,0,0,0,0,0,0,0,0,0,0,0,0,0,0,0,0,0,0,0
184,TL,1,G,female,7,N,yes,4888,18,0,0,0,0,0,0,0,0,0,0,0,0,44,4844,0,0,0,0,0,0,0,0,0,0,0,0,0,0,0,0,0,0,0,0,0,0,0,18,0,0,0,0,0,0,0,0,0,0
64,TL,2,G,female,7,N,no,4508,12,0,0,0,0,0,0,0,0,0,0,0,0,816,3692,0,0,0,0,0,0,0,0,0,0,0,0,0,0,0,0,0,0,0,0,0,0,12,0,0,0,0,0,0,0,0,0,0,0
90,OC,4,B,female,2,N,no,1485,0,0,0,0,0,0,0,0,0,0,0,0,0,0,1485,0,0,0,0,0,0,0,0,0,0,0,0,0,0,0,0,0,0,0,0,0,0,0,0,0,0,0,0,0,0,0,0,0,0
203,TL,4,B,male,1,N,no,774,0,0,0,0,0,0,0,0,0,0,0,0,0,368,406,0,0,0,0,0,0,0,0,0,0,0,0,0,0,0,0,0,0,0,0,0,0,0,0,0,0,0,0,0,0,0,0,0,0
107,TL,4,G,male,1,N,no,2159,12,0,0,0,0,0,0,0,0,0,0,0,0,1708,451,0,0,0,0,0,0,0,0,0,0,0,0,0,0,0,0,0,0,0,0,0,0,0,12,0,0,0,0,0,0,0,0,0,0
135,OC,3,G,female,2,N,yes,2293,16,0,0,0,0,0,0,0,0,0,0,0,0,2021,272,0,0,0,0,0,0,0,0,0,0,0,0,0,0,0,0,0,0,0,0,0,0,12,4,0,0,0,0,0,0,0,0,0,0
150,TL,4,G,female,2,N,no,67343,0,0,0,0,0,0,0,0,0,0,0,0,0,234,67109,0,0,0,0,0,0,0,0,0,0,0,0,0,0,0,0,0,0,0,0,0,0,0,0,0,0,0,0,0,0,0,0,0,0
218,TL,1,G,male,15,N,no,3141,41,0,0,0,0,0,0,0,0,0,0,0,0,1372,1769,0,0,0,0,0,0,0,0,0,0,0,0,0,0,0,0,0,0,0,0,0,0,28,13,0,0,0,0,0,0,0,0,0,0
93,OC,1,B,female,15,N,no,10053,10,0,0,0,0,0,0,0,0,0,0,0,0,2301,7752,0,0,0,0,0,0,0,0,0,0,0,0,0,0,0,0,0,0,0,0,0,0,0,10,0,0,0,0,0,0,0,0,0,0
155,OC,2,G,female,7,N,no,66,38,0,0,0,0,0,0,0,0,0,0,0,0,22,44,0,0,0,0,0,0,0,0,0,0,0,0,0,0,0,0,0,0,0,0,0,0,2,36,0,0,0,0,0,0,0,0,0,0
293,OC,3,B,female,4,N,no,3319,0,0,0,0,0,0,0,0,0,0,0,0,0,196,3123,0,0,0,0,0,0,0,0,0,0,0,0,0,0,0,0,0,0,0,0,0,0,0,0,0,0,0,0,0,0,0,0,0,0
234,TL,4,B,female,4,Y,yes,516,4,0,0,0,0,0,0,0,0,0,0,0,0,202,314,0,0,0,0,0,0,0,0,0,0,0,0,0,0,0,0,0,0,0,0,0,0,4,0,0,0,0,0,0,0,0,0,0,0
129,TL,4,B,male,1,N,no,289,16,0,0,0,0,0,0,0,0,0,0,0,0,230,59,0,0,0,0,0,0,0,0,0,0,0,0,0,0,0,0,0,0,0,0,0,0,6,10,0,0,0,0,0,0,0,0,0,0
197,TL,4,G,male,1,N,no,882,0,0,0,0,0,0,0,0,0,0,0,0,0,368,514,0,0,0,0,0,0,0,0,0,0,0,0,0,0,0,0,0,0,0,0,0,0,0,0,0,0,0,0,0,0,0,0,0,0
3,TL,1,G,male,7,N,yes,3095,16,0,0,0,0,0,0,0,0,0,0,0,0,1376,1719,0,0,0,0,0,0,0,0,0,0,0,0,0,0,0,0,0,0,0,0,0,0,2,14,0,0,0,0,0,0,0,0,0,0
266,TL,4,G,female,1,N,no,1574,0,0,0,0,0,0,0,0,0,0,0,0,0,300,1274,0,0,0,0,0,0,0,0,0,0,0,0,0,0,0,0,0,0,0,0,0,0,0,0,0,0,0,0,0,0,0,0,0,0
233,TL,4,B,female,2,N,no,2339,9,0,0,0,0,0,0,0,0,0,0,0,0,102,2237,0,0,0,0,0,0,0,0,0,0,0,0,0,0,0,0,0,0,0,0,0,0,3,6,0,0,0,0,0,0,0,0,0,0
87,TL,2,G,male,7,Y,no,1343,0,0,0,0,0,0,0,0,0,0,0,0,0,383,960,0,0,0,0,0,0,0,0,0,0,0,0,0,0,0,0,0,0,0,0,0,0,0,0,0,0,0,0,0,0,0,0,0,0
287,TL,2,B,male,15,Y,yes,18682,44,0,0,0,0,0,0,0,0,0,0,0,0,4330,14352,0,0,0,0,0,0,0,0,0,0,0,0,0,0,0,0,0,0,0,0,0,0,6,38,0,0,0,0,0,0,0,0,0,0
98,TL,3,G,female,15,N,no,2352,2,0,0,0,0,0,0,0,0,0,0,0,0,265,2087,0,0,0,0,0,0,0,0,0,0,0,0,0,0,0,0,0,0,0,0,0,0,0,2,0,0,0,0,0,0,0,0,0,0
